{"degreedist_mu":1.0986122886681098,"d":2,"random_seed":1234,"ntrials":25,"seeds":[10696568128152964686,7587037332843003683,17932745517874637713,275019727195747214,9598855396698165728,11797829148674285156,15488290936242275580,17840635140920887873,14568581941218896617,12839684623546651134,10453849234494628229,9894253716531849651,13122815419310819614,1917160159004852471,14881064365421339149,16058616390720368211,17758948425911489576,2788781442884050850,13195964543989435415,17331594895560176046,9709327145187660729,1438261696223661497,17823182965999818082,12295822181087146456,2416996747396037157],"alphas":[0.0,0.08333333333333333,0.16666666666666666,0.25,0.3333333333333333,0.4166666666666667,0.5,0.5833333333333334,0.6666666666666666,0.75,0.8333333333333334,0.9166666666666666,1.0,1.0833333333333333,1.1666666666666667,1.25,1.3333333333333333,1.4166666666666667,1.5,1.5833333333333333,1.6666666666666667,1.75,1.8333333333333333,1.9166666666666667,2.0],"projected_trials":[[23.27355183957009,23.271548590212337,23.050462947569837,22.732310076854365,22.379549229448692,21.873584536195594,21.502913590636698,20.817362532548188,20.102118096994733,19.64219562471658,19.11039034193451,18.215717091276673,17.397816117481774,14.068705414744572,12.39046210130871,11.572114943730494,10.767614638355706,10.175447591196278,9.979078430896756,9.797708523272625,9.71403280985309,9.535325391395839,9.444748724348354,9.382205567147885,9.120397526288663],[26.892426538317597,26.849564617411595,26.70295427761718,26.361184129723476,26.102351088349252,25.59452561827892,25.13174782688193,24.411418307331548,23.57455850811673,22.97835157666428,22.04287895995147,20.95114675577313,19.91069332870916,14.548015772324542,12.628530105558738,11.697391115313291,11.244566740118252,10.669661047058305,10.109877417410182,9.807293222937878,9.586648327492666,9.450238579057554,9.367563406263745,9.283062491851435,9.071436984527475],[23.06289000538385,23.035448209858835,22.949819821074364,22.7537902768211,22.59815218322072,22.406904998223215,21.78272255612823,21.284927622685075,20.998030737239382,19.927352477582524,19.475419344926117,18.891326241341122,17.521348278751844,15.543743047929432,13.493785243223439,12.330437733179606,11.500343329634372,11.270679728698223,10.853092372834576,10.548685324408787,10.423658881812162,10.272430513796841,10.220995231056918,10.17828858139198,9.961625698347516],[22.249916554418398,22.14046285139493,22.137406918510614,22.122397414412703,21.845672726229495,21.193038998362816,21.098626155926627,20.781969585619606,20.028648712751814,19.653029133641546,18.968510562705454,18.551075783951003,18.09460434131814,13.949640112600889,12.620086232237643,11.60238720319004,10.65678818644741,10.22301493101302,9.972708121248811,9.638975954785325,9.470499426791418,9.31516383814498,9.21107582237211,9.176764155796498,8.926102488877676],[22.013233553296708,22.013233553287044,22.007811685314053,21.697765897388255,21.6292384619545,21.470046732849173,21.296831287776563,20.72690316704625,20.1151218532984,19.41375325695067,18.561240843199172,17.64015085983143,17.132929041672476,14.177799389738803,13.65213231232512,12.19605567915391,11.442663719838968,10.575330684088804,10.149968227460088,9.95039614258947,9.851178749677313,9.599255934831573,9.515372007223116,9.499754603341966,9.335542940109196],[24.50815440802259,24.421782385388873,24.327120722941814,24.093224649276898,23.887883833069544,23.250609287783238,22.4928913650363,21.896079311189823,21.12174739699789,20.259196767662168,19.14033397615973,17.915748073830716,17.15109049508453,13.946824643179719,12.365857933692178,11.507245421752412,10.716718390997677,10.450792312048724,10.192417662731831,9.949564011754148,9.767137478097304,9.5578271813919,9.451038173046063,9.39247904345199,9.145661040576266],[21.951330657329944,21.94264553221878,21.842646468864686,21.546078301300923,21.166229415268266,20.588711807520024,20.063504589611597,19.45817126218264,18.971946161097005,18.473903642547825,18.011058028158917,17.1847232915424,16.760882451789158,14.556638809061715,12.865411686394161,11.667420052323374,10.965276088734118,10.595127041240072,10.102274184047511,10.000744349800474,9.778732790513093,9.48658794793075,9.389544974057422,9.049393854896069,8.828361801733154],[22.614167285891725,22.6107767339791,22.50994300179842,22.41279561590008,22.095529300917104,21.27940335067121,20.741366569964153,20.294614513530032,19.448024875123462,18.92762866659259,18.670154604039485,18.11617846920479,17.260464210789806,13.832681473730341,12.832298581691436,12.001388175848307,11.120388775196435,10.568910272156208,10.237440248316851,9.908425974966214,9.689132270183851,9.623344723155856,9.517305231912555,9.462561391946032,9.29946851308332],[23.740927406403436,23.74067956866564,23.59128015478995,23.47179273964119,23.217429543597547,22.84271601771902,21.62726648454548,21.086103679319542,20.415437129171064,19.64982544406123,18.962062270748497,18.103712146362373,17.515215529243143,13.903179746883495,12.621407256966297,11.534974592728409,11.175604126771141,10.699383232719281,10.325779351683845,10.16348401088495,10.133604516311635,10.074752212671738,9.972024763896501,9.875279093520295,9.544396366171565],[23.290542906458363,23.29054290645684,22.82961533535586,22.503032263637838,22.312193277549834,22.04458229360323,21.47101890863226,21.090960348333827,20.37025872002559,20.024487836543706,19.627976072477196,19.14286312342108,18.555668036935412,15.598493740768864,13.458899151777603,12.236144806060878,11.509421206612405,10.87968391275962,10.679004072749805,10.487349405693914,10.365908514731434,10.296416893250118,10.243054868205407,10.158175126033546,10.013715363095898],[21.038009878216513,21.00766318757223,20.997936606496953,20.725107303777534,20.341113180031748,19.980903094752307,19.80896240411405,19.37448031832024,18.64059902925429,18.113077752111817,17.902207936102045,17.078970138728994,16.41435376830136,14.452135300658089,12.964770317958003,11.706410272504575,11.041082044050015,10.617646926363209,10.287999012729587,10.092606716224642,9.98873599180491,9.929492027208667,9.868513825196054,9.85128110941645,9.615307016533544],[21.915979986276753,21.891824390914795,21.73222126837122,21.6946996014303,21.26914133913398,20.909050804583565,20.082367695823173,19.466959435814893,19.219929135591308,18.87318967421456,18.68448014698485,18.12535804038542,17.29458010032545,14.161950250025079,12.712176734159586,11.7765645602424,11.143578520066685,10.626032720778749,10.369278368916005,10.149047199331692,9.961684839030509,9.8732169842249,9.768864832558672,9.674824389342081,9.395650300383801],[23.213210648169678,23.212776378354715,23.207571636544483,22.987956254360913,22.301212075795284,22.02254149085998,21.11647594382304,20.489270956511064,19.924953464047704,18.975289564824106,17.934190641819825,17.742023663422447,17.014874012648107,14.41897901312092,13.025952986820467,11.703161020323149,10.721004647769668,10.313207390838464,10.029180049684406,9.831493670804836,9.701368111340098,9.668569988952457,9.414249233550011,9.403593439490813,9.228524106185905],[23.15428187747048,23.118029971990225,22.671474957993166,22.478159631318157,22.295625912077615,21.802667562763418,21.489740397981024,21.217643925873702,20.69580354729785,20.478188827033268,19.92785582347044,19.365245062070947,18.619394383538094,15.004514920484453,13.703493091631858,12.160495310528283,11.222635381154854,10.491478590933486,10.243924828449208,9.847183589476343,9.776977212532145,9.68644591848356,9.620469758664765,9.51267918297728,9.284777083698163],[33.776474905077414,33.696459463955485,33.078872759058,32.44297936442107,31.7650326264571,30.36033784878076,28.885292974635515,27.424029247682803,25.584367422138293,23.986165876000605,22.260708645829435,20.46836559378184,18.546614155554963,14.21226207333389,12.800585632261999,11.746629173172707,10.968227316538306,10.403229279371004,9.954563707621789,9.701635019671656,9.520053881879527,9.463447983543533,9.321248258682349,9.189209077716772,9.0061554748189],[21.559913688019886,21.487383170411757,21.280365149812,