{"n":50000,"random_seed":1234,"ntrials":25,"alphas":[0.0,0.08333333333333333,0.16666666666666666,0.25,0.3333333333333333,0.4166666666666667,0.5,0.5833333333333334,0.6666666666666666,0.75,0.8333333333333334,0.9166666666666666,1.0,1.0833333333333333,1.1666666666666667,1.25,1.3333333333333333,1.4166666666666667,1.5,1.5833333333333333,1.6666666666666667,1.75,1.8333333333333333,1.9166666666666667,2.0],"projected_trials":[[386167.9837705021,386540.3393577034,387828.62466436625,389871.2075148511,392854.8351699282,396718.2720787844,401476.7732540859,407057.30576950737,413779.7004672575,421500.77866227354,430624.3858475418,441015.7431350137,452735.0745872555,514047.7557665773,611783.7531801506,704674.5379059787,772515.4857992923,822333.9102007044,855856.0324444006,879360.8688844166,895952.4241376274,908030.2340021522,916784.7380779356,923282.2829799723,936928.0794633491],[386344.7604658001,386785.1702413301,387971.0363265958,390160.0922297831,393148.57603956945,397006.1740757943,401689.6928333058,407461.6363725181,414178.83936481434,421811.24546963547,430920.0980017777,441319.2295634184,453299.3070539941,514761.0147358974,611775.4267490206,701946.5129244883,772187.3804045888,820196.5955832059,854130.6968484158,877511.7289317907,893799.7519930126,905660.1256508981,914562.80975117,921169.147281284,934708.3231407087],[385163.8921412093,385594.87944568426,386896.32723462745,389029.6824782036,392055.3592904845,395873.0009396915,400492.0622320655,406019.41070554964,412505.9536785296,420177.58212699683,429175.66798323416,439472.82492481207,451220.83666033857,503388.40640323935,598443.2957559916,690647.1146903718,760172.5603932092,808017.7158576355,841005.7907345742,864567.5836049544,880894.8090449811,892895.0626605734,901883.9922399962,908788.8254976871,922391.7160347407],[384702.858519872,385086.8059120589,386459.7803962782,388583.2419784705,391595.37154985877,395381.1692821193,400057.23375785287,405650.9573844663,412408.31205607456,420198.5001388605,428967.1958637048,439201.41107899044,450868.3050057573,514359.44431997754,613329.7397726309,702726.9495898127,770809.7075995065,818641.9928497683,851886.6291450959,875657.17208575,892076.4085233284,904002.5879619615,913083.1416707734,919823.6271610644,933309.3075479353],[388447.6960330655,388874.08395194926,390133.35352465324,392144.16186116874,395034.4247977617,398730.4590281508,403477.28163410997,409195.21085717465,415865.1435402534,423715.1045136513,432839.7534309244,443474.751441444,455388.9719921785,512104.10352832364,612251.596751883,704998.7935178734,775904.4767449233,824980.8425431765,858717.7677891577,882271.6096766484,898943.1780118078,911067.9567385876,920075.7559126385,926642.6101473287,939795.9412039345],[389556.43946597475,389949.2863010275,391179.57397217466,393335.3937293007,396360.5727210393,400215.77951825585,404920.7751666851,410571.7161060052,417308.3596404796,424928.5184603948,433912.68852291704,444157.12040371815,456076.458097383,514987.6911583819,625720.225416367,721641.8946830755,791994.1155021194,840654.8903165428,874002.8126486788,897205.9420251457,914115.230685468,925924.1026966558,934585.9752992513,940962.7323406136,954393.2899981695],[385595.22727773647,385991.1398389396,387275.9474448329,389385.54244399304,392295.1918928807,396120.10946485,400725.99215777253,406324.6418054164,413156.2472729349,420938.15604517213,429842.8605129534,440275.60609065334,452338.1741620745,503117.3272471513,597785.3461970956,692927.4068180298,761127.5962922891,809850.8947794662,841997.7562969654,865183.4350915398,881655.8890349896,893556.795025312,902617.2696836487,909290.0145450833,922904.8303946677],[382495.2711489902,382941.10266661696,384144.2832200102,386297.6266970705,389265.6129408753,392944.31157453696,397567.53330297157,403102.3988795602,409703.9138574792,417329.0322061303,426079.9895354888,436021.05032315414,447427.9402344712,503203.1130518522,600549.2152977275,688890.930523997,756417.804568278,803542.8523859022,836074.650148417,859143.040784085,875808.6382443208,887573.4076168771,896596.3146641828,903146.4301627498,916576.6361562934],[385841.30043759133,386314.91495077946,387540.6768564174,389606.1511907443,392549.6517077584,396245.55979623995,400737.8369393884,406476.89723384095,413020.35017953115,420584.7638481344,429528.6660113529,439634.3697993908,451386.50085619016,507290.0754527263,600378.9789930305,695149.7900604835,764259.563770911,813864.9521640758,846536.5550719507,869549.2101618006,886426.7562114382,898554.1842810649,907472.9675073016,913903.7373850126,927471.8513086665],[383315.51501517306,383753.4947390422,385020.6901412199,387081.3768152076,390113.3238859039,393883.4397976929,398649.3285822097,404410.26164790656,411283.14555602736,418974.354377147,427901.7393997714,437926.4087148195,449504.69946846477,501455.54395880154,594020.436696353,685118.2100836661,754075.0196757398,802971.392153243,836162.0846112991,858176.9671508735,874356.3642984242,886523.3913098996,895156.2408340862,901921.6848949185,915618.9143648907],[384634.97626887757,385010.65989268967,386352.2678208253,388538.30581899517,391499.3853629275,395254.2884907604,399916.62794803845,405649.56507654063,412145.1293625831,419950.51947502245,428699.250726585,438799.73883860995,450451.0441303726,506561.33046931686,604378.2397494239,696401.1879955732,764172.5979614919,811877.1939497262,844972.4307655932,868589.0658807936,885332.1429281184,897663.2416850775,906461.0193531772,913128.6597535457,926657.3143058777],[385050.75505621854,385525.15490805474,386744.0760668217,388799.048872581,391666.54776524013,395485.8398578099,400080.3380654542,405675.7700499298,412321.8939669991,420134.3460066769,428875.29542527115,439038.43602239207,450630.11892571277,505378.7076483974,602890.2700572258,697271.0467167022,767921.7927347617,814986.7793280064,847686.9099280948,870875.9521158133,887207.7863248888,898989.7554856271,907783.4654042363,914304.4893127277,928047.2704631231],[385230.36017864133,385677.9120377228,386931.94495761837,388986.35210787586,391945.7314998399,395843.1862639488,400562.2459865063,406259.180118097,413017.5220760058,420828.7668511117,429953.5558999542,440429.3038395197,452345.23574594414,506254.63857131876,602242.2435755032,693371.2608455124,763155.9864447053,811659.5258321855,844858.2584282951,867867.5757012416,884359.2685643523,895910.2584918165,904632.4010257287,911198.1566417034,924779.7618281171],[387435.1191223984,387878.6702525226,389187.78474593634,391320.26361111493,394200.98243337305,398025.50823326583,402652.3138049946,408317.2991521759,414846.20683639887,422614.9728767223,431556.0541043629,442051.60952358716,454072.5924589795,512599.2673381013,614774.7257041847,709107.891033378,778271.0015813063,826592.2324361827,860280.6981298088,884170.2280428245,900689.6894007255,912834.6416196323,921817.1084603256,928514.7977833223,942013.4752569175],[381699.06891336787,382103.0585609299,383413.3317570243,385565.85488594475,388433.72655133466,392136.21735747677,396810.69147077476,402313.4714710433,408817.3239725436,416458.83298274013,425384.8909753529,435352.4328489129,446933.38115830714,499921.0647067681,590166.0711360793,678957.7579396731,747028.3303830312,794213.8330040461,827407.3091561712,850933.3967163619,867273.3669721159,879111.0683951436,888134.6836696661,894642.7876429443,907981.2339595975],[382425.9746844334,382814.70814422664,383995.78816188633,386026.07669936726,388847.22436918406,392452.4319576778,397145.0587622735,402643.55116534996,409195.56117609586,416736.1426946029,425476.7093398222,435807.9282936236,447242.39461555047,497628.0485044211,585740.4008557718,677886.191795449,746218.2890280002,794490.8349078766,828183.8546942419,851503.3751083387,868211.3310627411,880088.2207638257,889073.0113223351,895680.5937358935,909303.5153452297],[383513.50491390686,383934.9571010259,385222.906061514,387203.8325031619,390039.8951816169,393803.352650955,398346.27291089296,403874.83740077814,410790.4415799308,418577.6723582631,427659.5611851223,437906.3346935166,449577.4765537451,502452.04556485027,596048.7274929698,