{"degreedist_mu":1.0986122886681098,"d":2,"random_seed":1234,"ntrials":25,"seeds":[10696568128152964686,7587037332843003683,17932745517874637713,275019727195747214,9598855396698165728,11797829148674285156,15488290936242275580,17840635140920887873,14568581941218896617,12839684623546651134,10453849234494628229,9894253716531849651,13122815419310819614,1917160159004852471,14881064365421339149,16058616390720368211,17758948425911489576,2788781442884050850,13195964543989435415,17331594895560176046,9709327145187660729,1438261696223661497,17823182965999818082,12295822181087146456,2416996747396037157],"alphas":[0.0,0.08333333333333333,0.16666666666666666,0.25,0.3333333333333333,0.4166666666666667,0.5,0.5833333333333334,0.6666666666666666,0.75,0.8333333333333334,0.9166666666666666,1.0,1.0833333333333333,1.1666666666666667,1.25,1.3333333333333333,1.4166666666666667,1.5,1.5833333333333333,1.6666666666666667,1.75,1.8333333333333333,1.9166666666666667,2.0],"projected_trials":[[23.27355183957009,23.273359522225718,23.190268319657157,23.04506459111568,22.912903566260276,22.724137927010393,22.592774605157537,22.28115450160196,22.283176785056124,22.35141270006767,22.61625779611733,23.20811519828288,23.304272978139842,28.14369992786702,31.17588890235193,32.76158130274372,33.57428987005832,35.11230985210606,35.761987309685246,36.09400944513369,36.24191584104638,36.27727330524044,36.3130501903071,36.45706054576843,36.634914305921114],[26.892426538317597,26.869641720587154,26.798123955155422,26.660749879866994,26.526795518170704,26.248746204281616,26.014126629888967,25.64432008474412,25.21585739835886,24.97275533895885,24.56010255196957,24.22293736734947,23.88064420293804,32.11165695114938,35.848184385542794,37.911830429687086,39.33684361027524,39.81735534697823,40.17964699731611,40.55686698313475,40.904634954675196,41.040801420424884,41.14835989319212,41.22645148787845,41.369101484832285],[23.06289000538385,23.05327865902301,23.045555792604254,22.967323780513752,22.88826474714311,22.897447193722055,22.909575382880714,22.854558662041622,22.86264122407311,22.917832994600925,23.706143040425435,23.88504499016916,24.23927785636297,29.415388060368137,32.980782651594225,36.79493104343943,39.09571770756468,39.71895422218766,40.68227652579604,41.051687450874724,41.101808726110626,41.188485170697554,41.259245981850334,41.29385484972576,41.38998633304316],[22.249916554418398,22.194991559907116,22.193468815167417,22.239966481847773,22.163353320598734,22.162902112664504,22.272770767025442,22.178838732862182,21.94860929692442,21.86367163360259,21.753638804366165,21.812413224641233,21.96995088634688,25.956936169570838,29.625702587816978,31.47330145973847,34.62761151944122,35.785907339022266,36.08611598428286,36.39543508099237,36.679190042810454,36.78964737204365,36.981270446688676,37.011928356177975,37.14947790750659],[22.013233553296708,22.01323355329171,22.01048522558089,21.97705866553322,22.166151077909998,22.102006554326017,22.044556369603644,21.804618782892952,21.637220324702756,22.082676597361463,23.294987713187293,23.760389218684985,24.785759984661283,28.73287299350539,33.28069894261223,35.30856077151534,36.08289907529837,36.31080326419241,37.13243747744376,37.29107601916909,37.42969942817839,37.60756030311017,37.66028285888295,37.684169464297234,37.763792962109385],[24.50815440802259,24.46169612797755,24.40903079036508,24.294159375301362,24.198318842674407,24.05970828822776,23.759312585883723,23.482619227393425,23.134073803397225,22.774261544554523,22.820451358350066,22.775046036314023,23.692372384147404,27.790527034718394,33.289317437588224,34.81988464665844,35.782228811505966,36.4099695482039,36.9964017231618,37.29511017158653,37.501798383857846,37.62403487068482,37.722116889229035,37.81780054372446,37.96791261804866],[21.951330657329944,21.949121813829876,21.89997095248121,21.770646915419952,21.65643802944176,21.44439682262142,21.240919034420124,20.963370775794044,20.928123189272455,20.867732275315714,21.419228944066916,23.03203474278955,24.40724739913211,26.446622676689664,28.834734179556587,33.31966798797755,35.01231230261758,35.696868827566924,36.01251337329773,36.15627581389151,36.2228688029775,36.339638174921824,36.4543616258982,36.51487567282296,36.63690728478002],[22.614167285891725,22.615455805389335,22.559637216317586,22.514977016309363,22.376644845682467,22.158369960357977,21.880612172584726,21.704295205011718,21.590181998944615,21.747241072010546,21.86591208895396,22.040775607148817,22.868188919560776,26.81691804926377,32.38641504241759,35.39456229031708,36.64463672061493,37.462948042701086,37.723820347752465,37.873753415272645,38.07299664268278,38.2846968492306,38.32111895392787,38.43659860905098,38.54971320818058],[23.740927406403436,23.740868787646278,23.67549300399324,23.612861541324495,23.520468365627483,23.382009403045725,22.85406734090146,22.72198389898342,22.55799483723319,22.58054524232018,22.723549238330897,22.942517809280446,23.033361556215656,28.599232332543146,31.644677064230656,34.80280369238285,36.07744020819359,37.400579919293556,37.99332021274717,38.40169645283986,38.7048531927818,38.82537633125832,38.931554677149194,38.98563371568785,39.104269268676525],[23.290542906458363,23.290542906457443,23.443952524206207,23.41249786107045,23.368996498493605,23.270477399671176,23.078178567054085,23.02679451834707,22.892640216258087,22.80276405779187,23.48688359116642,25.92484428642056,27.66921776891378,30.99807257690329,33.72215496079826,37.57872861934049,38.94667991267164,40.118357137343224,40.337954384027896,40.93936847615453,41.14500371299549,41.23128726448715,41.39509098564233,41.47275170039991,41.55769428210398],[21.038009878216513,21.023148624012386,21.017563847861144,20.88813657595423,20.834802338082913,20.758468593277563,21.083714896314174,21.095735697746,21.528168271362052,21.453821541536392,21.6830294259,22.50679357015142,22.826850802221816,25.24236796188727,29.658844692605694,31.958617274071756,33.09139945546133,34.30943862263537,35.628424004202266,35.96745435234506,36.45106606181618,36.596753052685614,36.63878263821347,36.661416069326435,36.85619571507477],[21.915979986276753,21.91207035389091,21.85961442028043,21.8480513134154,21.709082038022263,21.61708598843959,21.309331270017694,21.30111674895198,21.833603044029864,21.85082738925651,22.099582686345013,22.212242294548904,22.476980939234043,25.606170378548576,30.513249678382845,33.672076366105145,34.528448141437934,35.36121924093301,36.0517030156322,36.31539313450163,36.547334109689295,36.68006641200172,36.84611605441035,36.93256853938428,36.9847567966972],[23.213210648169678,23.21296142853211,23.212888632781095,23.10633458718373,22.794294107184037,22.78910588627319,22.351706202743486,22.191323173861065,21.7451046022383,21.45394888642335,21.49146150397851,21.75763769032253,22.39453474722883,26.247078042272097,32.51282898867144,35.44030409661612,36.2811247193457,37.42867988002978,37.766943634461526,37.96530149358105,38.10001299111812,38.17787634192757,38.31789430835701,38.36496654486528,38.47133908075938],[23.15428187747048,23.135067653421483,23.162652303291665,23.316605588287434,23.22284440599343,22.998048199087314,22.94132651872699,22.869193818996564,22.6741789816507,22.58395005298887,22.356853640155354,22.123082999716974,22.30349068307978,25.932996562761232,31.61202537169947,33.51288960758823,34.84395445823506,35.70744224707296,36.27478492718306,36.500527762289316,36.7903880354685,36.99794057898165,37.093037580554245,37.18658312692568,37.37046393638043],[33.776474905077414,33.732144679109155,33.37664766513936,33.20057963428546,33.01791873197076,32.15618690324355,31.25117827802407,30.312121663429405,29.20252243971958,28.220586061657585,27.103152442959882,26.002249238446122,24.962036425706206,39.74594276182362,41.535278476644606,43.818046510004365,44.954844622888906,45.87102909280503,46.39341677115466,46.83827972866645,47.039912652445096,47.23246201037691,47.339274273776425,47.431665936175136,47.56123432290433],[21.559913688019886,21.4874178854113,21.429204350755356,21.35062276501166,