{"n":50000,"random_seed":1234,"ntrials":25,"alphas":[0.0,0.08333333333333333,0.16666666666666666,0.25,0.3333333333333333,0.4166666666666667,0.5,0.5833333333333334,0.6666666666666666,0.75,0.8333333333333334,0.9166666666666666,1.0,1.0833333333333333,1.1666666666666667,1.25,1.3333333333333333,1.4166666666666667,1.5,1.5833333333333333,1.6666666666666667,1.75,1.8333333333333333,1.9166666666666667,2.0],"projected_trials":[[136531.0,136335.9166666676,135665.00000000416,134615.91666667562,133107.1000000164,131201.06666669302,128910.65714289183,126304.64404766152,123316.98650798542,120043.5523810059,116388.1349095912,112463.97210295383,108348.3607101778,96111.47152008954,84466.33203215523,74681.17490212434,66943.06151326103,60815.30671676097,56065.76968218613,52356.17027140216,49394.86062691194,47011.052692149184,45091.00240157471,43536.01689382524,38938.81229476887],[136593.5,136363.4166666676,135747.7500000038,134620.98333334204,133114.5738095404,131209.2238095501,128944.92023812947,126286.9380952795,123304.66388893648,120051.42896830651,116404.82460322914,112493.79018764495,108258.60375463137,96039.42419139667,84328.01194200845,74674.31031731013,66874.53912053518,60807.00350997162,56031.776340794306,52291.470224191486,49376.52392701067,47001.73576193429,45089.79197261921,43529.576954633754,38959.420760479035],[136176.0,135950.000000001,135271.66666667056,134179.8333333422,132655.0166666831,130770.8833333595,128555.23214289096,125985.48174607266,123078.51031750762,119834.74718619905,116209.6753608052,112326.34369386156,108145.95659443957,96142.93239879236,84454.01003391099,74605.69651560191,66820.39941319091,60852.321036566726,56160.00785988657,52418.10598642977,49476.714288527015,47112.46683067305,45161.40965032668,43539.81798765956,38964.88487866513],[136013.0,135811.66666666765,135100.4666666707,134011.71666667625,132487.5833333506,130617.04047621749,128379.13095241557,125781.68174607393,122788.16028143374,119486.6158369938,115956.83679659195,112083.52732273257,107968.84140170708,95821.87678137924,84327.23171432692,74652.97991969963,66971.97859466444,60885.0761367186,56113.837058295285,52347.779719167454,49406.407743833144,47054.213874127076,45104.79261009925,43514.46482277258,38978.389297888265],[137337.0,137113.58333333442,136456.16666667038,135422.51666667507,133966.11666668233,132138.82380954892,129862.69761908238,127195.423412741,124219.26468258898,120897.48012270888,117239.5034993346,113191.3290071605,108982.10288426229,96636.9634799498,84763.81363753886,74839.90623800641,66957.70937954796,60828.734325180565,56048.17290424673,52314.91364903585,49333.286366077824,46918.888042475155,44984.378728996235,43432.060944952966,38965.2135854703],[137729.0,137523.00000000096,136885.58333333684,135775.88333334183,134240.80000001547,132340.00000002523,130077.49047622558,127461.94523813862,124494.05317465267,121256.97615445514,117657.00180380854,113769.93624436804,109528.76844827409,96761.57824725646,84597.41758086781,74639.9082948878,66769.15874849443,60678.40701819403,55884.87581470203,52179.933468746305,49177.27625954151,46823.8992136644,44941.237397138015,43437.24113023449,38901.994057045544],[136328.5,136121.75000000093,135453.00000000378,134370.81666667567,132903.58333334952,131015.34047621675,128800.54761908231,126184.25833337574,123156.54087306434,119850.36544016842,116270.39397552461,112343.6104257418,108088.85556948438,96197.21410044892,84432.60670034084,74577.91614171011,66915.16419363259,60825.50029343676,56169.02352892058,52442.88555969287,49485.82267056028,47135.103919273985,45129.0794244168,43558.30405503679,38997.96701470721],[135232.5,134999.91666666765,134372.08333333783,133263.36666667718,131772.45000001788,129949.85000002608,127723.30476193865,125135.95555559715,122190.51269846033,118957.03365806081,115409.85187595637,111645.03874464404,107586.31125823953,95688.23607770889,84040.29840769588,74475.90025227366,66725.83013962777,60760.225719712595,56082.55996748492,52374.16952169346,49412.57295271968,47048.46988898604,45065.39688076147,43511.97230228847,38965.9897108597],[136415.5,136167.83333333433,135529.8833333376,134466.03333334252,132976.73333334978,131144.07380955017,128975.31309527274,126301.22619051863,123368.61071433421,120124.44960322772,116528.47480164253,112686.07330452904,108568.68853096756,96355.62783197915,84676.84270235851,74789.17459681063,67020.66856884774,60822.81605936021,56113.5488594495,52450.427086011136,49456.5394771898,47067.226891115846,45147.7579541364,43598.27444258919,38997.18371387289],[135522.5,135292.83333333433,134633.83333333733,133575.06666667608,132046.26666668386,130179.35000002616,127897.17142860543,125229.65317464441,122182.80912703158,118937.7285714805,115357.57222227645,111554.03596686534,107454.77425635117,95756.15829206181,84316.21366300921,74540.11771636496,66756.39801163923,60670.3708954064,55926.090959423265,52310.66637841562,49378.72013909946,46979.72185568721,45099.36708404644,43511.617507337935,38919.15590776528],[135989.0,135792.00000000102,135091.7500000045,133962.25000000992,132460.0000000174,130604.41666669355,128373.85714289149,125741.61666670805,122838.84285719016,119543.22619052805,116011.2456349755,112163.1753608058,108045.47726861818,95870.17428922058,84278.27323884323,74514.71974015796,66786.23075942833,60801.49292340479,56105.07206941632,52381.25261090339,49387.7885262541,46964.41829467815,45075.76887472909,43492.979404753765,38954.56216329565],[136136.0,135887.75000000114,135254.750000004,134196.21666667584,132751.80000001643,130867.20000002606,128659.90714289098,126060.34880956488,123109.47698417412,119803.72936513106,116283.27777783219,112433.37800122048,108299.95063512161,96198.56536028245,84476.49606730323,74682.93717665022,66820.35453530661,60790.63298990144,56092.94319182983,52368.98670846911,49417.79402582033,47071.21955048049,45147.9253279226,43573.03982078308,38960.78705420807],[136199.5,135965.50000000105,135313.91666667082,134253.98333334236,132753.36666668367,130825.46666669323,128579.18809527191,125950.09047623142,122961.82218619394,119652.0431097199,116009.9376152174,112083.12881290918,107939.309515538,95928.50439906894,84300.02402577052,74488.65485925047,66776.3498306633,60643.76306986209,55950.92272741477,52243.13970932219,49320.01185491407,47013.89138426367,45117.23089263343,43552.460031550225,38957.98721511197],[136979.0,136746.58333333427,136062.00000000387,134963.3666666758,133511.26666668284,131625.5166666926,129403.70000003488,126782.029761947,123862.1900794133,120566.96111116387,116973.45458158558,113026.30970799526,108770.83336719916,96408.09731707438,84656.38756978762,74849.31681245289,67066.23635137246,60991.87368461084,56241.34603628407,52459.00029864175,49496.028746577445,47098.11022598019,45161.0196703578,43576.0521532134,38997.642290895594],[134951.0,134739.50000000108,134055.16666667108,132947.90000001038,131494.26666668514,129652.28333335978,127400.33333336779,124845.07261908904,121954.5678571902,118707.51587306746,115126.46861477205,111349.24386729755,107237.9607212752,95415.9652204811,84029.11210639942,74304.69377219443,66634.31487687788,60638.10394078905,55924.59964350797,52151.963846689745,49233.27826288235,46917.38252240563,44975.89455690993,43439.58841863277,38927.20110820863],[135208.0,135004.5000000009,134391.0000000039,133344.4000000092,131916.53333335,130127.28333335873,127868.71666670036,125315.6428571836,122383.88571433205,119174.06547624092,115628.08041130828,111701.5864608149,107620.00873714786,95942.15562604678,84517.24861386324,74723.26916944899,67005.1629231988,60886.48200381615,56166.31584359891,52391.35647242341,49417.185251319905,47066.99073848109,45116.64696058375,43544.6390431963,38948.744995636596],[135592.5,135371.500000001,134700.41666667082,133686.7333333422,132253.06666668327,130390.38333335925,128204.57380955752,125643.63809527921,122575.56742429007,119279.16583699315,115637.2131202674,111770.35707266092,107655.48780933538,95820.27253792442,84247.87968403097,74669.63581974311,67011.71445004678,60973.44877748885,