{"degreedist_mu":1.0986122886681098,"d":2,"random_seed":1234,"ntrials":25,"seeds":[10696568128152964686,7587037332843003683,17932745517874637713,275019727195747214,9598855396698165728,11797829148674285156,15488290936242275580,17840635140920887873,14568581941218896617,12839684623546651134,10453849234494628229,9894253716531849651,13122815419310819614,1917160159004852471,14881064365421339149,16058616390720368211,17758948425911489576,2788781442884050850,13195964543989435415,17331594895560176046,9709327145187660729,1438261696223661497,17823182965999818082,12295822181087146456,2416996747396037157],"alphas":[0.0,0.08333333333333333,0.16666666666666666,0.25,0.3333333333333333,0.4166666666666667,0.5,0.5833333333333334,0.6666666666666666,0.75,0.8333333333333334,0.9166666666666666,1.0,1.0833333333333333,1.1666666666666667,1.25,1.3333333333333333,1.4166666666666667,1.5,1.5833333333333333,1.6666666666666667,1.75,1.8333333333333333,1.9166666666666667,2.0],"projected_trials":[[23.27355183957009,23.26966979701815,22.9303733123574,22.520673783280102,22.01299976761313,21.319328463560442,20.775429465941865,19.817539623656483,19.157884102616553,18.277251016420145,17.59190719035859,16.67321360304364,15.341937315408996,11.206854005257092,8.697729901941171,7.4655300544283785,6.701994756229759,6.040700665071283,5.800349576293517,5.568014058403528,4.806327853154255,4.4203103295226,4.211157236435967,4.0390093213300515,3.467287460463912],[26.892426538317597,26.832127327914222,26.61370931514782,26.10567553703671,25.74927103497045,25.08022582780461,24.429204964571035,23.395570231485458,22.261639398569077,21.44664738781388,20.24577827699135,18.636956079694624,17.450423339353684,11.522512275117512,9.45793662842505,7.371438852591887,6.868986086905544,6.089321401902577,5.97804421615974,5.2149379886239,4.912921615342242,4.683773645285229,4.583460248843106,3.977850381497866,3.6250585930451025],[23.06289000538385,23.01926074688025,22.860464909377747,22.592761355224052,22.411758853591785,22.0417671192278,20.89458059736244,19.91900873165674,19.44686156327019,18.577488608351526,17.758129639671438,16.668593017833526,14.540159375481807,10.903666630857131,8.817586167660584,7.452750192189001,6.676177341660969,6.125358380104062,5.560100456119714,5.13742703649875,5.060352608931411,4.6583775039946715,4.368257927460192,4.166890334638065,3.3226901014879724],[22.249916554418398,22.098239299270023,22.09399226072913,22.016052120799316,21.567541141957932,20.27073512156028,19.9829388815806,19.44097512060769,18.192290682234383,17.495329221523704,16.513911362880368,15.571018991732922,14.84109762870249,10.501358941660358,9.414913820522269,7.590444417852147,6.893702134926638,6.1710362568131,5.75519954403875,5.548285197554632,5.162888890295014,4.7986740562641685,4.1661354073973,4.088367862555366,3.4501934305118187],[22.013233553296708,22.013233553283495,22.005777367492957,21.392492770438746,21.06575797933999,20.798004849158612,20.519725487865422,19.625417096867917,18.769232773847975,17.61472326240378,16.399486377912332,15.300350979208668,14.611932659704575,10.612814544864507,8.918738145794501,7.154869120132441,6.5697254585153315,6.025024497765245,5.727260755083213,5.208745609608208,4.908784237812546,4.766184853591851,4.6317651252355025,3.948991603686914,3.2200361922115666],[24.50815440802259,24.3916401381508,24.25610901425728,23.91966846462175,23.634062013386526,22.487861861021322,21.330860035353336,20.498072167014605,19.468636124517907,18.400428706674212,17.012158992657714,16.646998987516184,15.605449746653727,10.413315029605503,8.41755627326021,7.323359027841288,6.856614368379442,5.783664306123877,5.584356539266514,5.425084296110775,4.750813670016418,4.549151637235242,4.4868888250790775,4.199980711478244,3.86179204462406],[21.951330657329944,21.93531282683774,21.79464333181754,21.472667414512753,20.779499979083198,19.90045964915471,19.270134358240387,18.824501713363404,17.94228184149254,17.216144922114594,16.3888310642146,15.251228019146472,14.078730420776639,11.115383466090657,8.989458271123564,7.302394689887903,6.330122498273198,5.977162901646169,5.611683150325022,5.278271665553052,5.076843432307231,4.823287870315824,4.398628819713464,4.322337918089227,3.584196872023222],[22.614167285891725,22.605994014470102,22.472714537687473,22.333780572376376,21.89955208088223,20.632527279760005,19.868993350881944,19.240549306289783,18.090608136717346,17.111097978863043,16.747930907941527,15.946357787392804,14.854458498722936,10.16049466940721,8.685959070623422,7.172474128611711,6.513057977479335,5.814159834473382,5.812737681315773,5.237560073203943,4.962290557184499,4.867806914641846,4.425624026543107,4.108923040650399,3.2751458057809],[23.740927406403436,23.740508187728135,23.53008219902475,23.362793245263365,22.962040811233667,22.387931568919527,20.566589647452652,19.758541511433087,18.831164251356906,18.352879502476643,17.334015904126048,15.452502561492121,14.583580658764912,10.871568408751356,9.360735467841732,7.750244439576864,6.524136277554574,5.84168120920423,5.352396640181551,5.102172019584188,4.904351773472429,4.488302541914309,4.365507260383442,4.071942982051756,3.418107572501063],[23.290542906458363,23.29054290645629,22.30228728354827,21.761960398987625,21.320934059090447,20.87916541309467,20.076071390063763,19.49249567041696,18.390309514282915,17.890459632539425,17.341220938751288,16.36358535600606,15.136152098555442,11.150122545874803,8.75402177644417,7.137929934390037,6.638345184021776,6.481974310257834,5.646370782123395,5.220873829424805,4.853609960126027,4.840328012672904,4.522013729655885,4.521847964859365,3.3111355703013166],[21.038009878216513,20.99307623008598,20.9815775467241,20.58625362178956,20.03084064002806,19.540747759522084,19.22036135700729,18.741132606346202,17.539634747114846,17.246900163050714,16.87172492689012,15.490166299713707,13.891191113166476,10.701889506826017,8.7638065871656,7.309164868339562,6.7537594156581555,6.279011763158137,5.780479737138094,5.39619058070024,4.911750748029068,4.6812175749373415,4.641963559339746,4.175366122490205,3.4930659834608897],[21.915979986276753,21.87049216336402,21.623572223038625,21.56266184232554,20.919791314292922,20.378803890490676,19.096606738774557,18.22537423819458,17.930453836077746,17.456654541960212,17.168865051311855,16.171466673018088,14.735388066313455,10.52884955339841,9.59376597569551,7.264730508813797,6.552365959239543,6.0920469421832495,5.949989845307634,5.923084005572605,4.991924347174271,4.731367767667594,4.644505094013852,3.9190008349906247,3.5616766164768165],[23.213210648169678,23.212587731668126,23.201641610271974,22.888229689317093,21.836812607616956,21.330953916999544,20.17074825516372,19.37643783893826,18.648741932946322,17.156705690664243,16.105573312432057,15.176448382808477,14.623380000604822,10.441877848047076,8.497715878272247,7.46803929169968,6.589440551475648,5.92053963123373,5.718796880949981,5.193710511091862,4.943584338646072,4.872917889078727,4.818224147138819,4.102694813944581,3.5790760553496055],[23.15428187747048,23.102831904921732,22.251274035656536,21.97209706430409,21.7236561999166,21.076318774653785,20.535533990192796,20.090792498667597,19.26676774112381,18.951915939674016,18.14658877694372,17.35353239274844,16.296623456366945,10.571986119072276,8.741301073464237,7.313825409915783,6.3879322492858,5.8591695260123355,5.730316229192365,5.347401278395725,5.102515296331404,4.851386422505624,4.805659274672153,4.54962398373094,3.545235335429059],[33.776474905077414,33.664539484903436,32.81205393165835,31.769971178521015,30.691369639117397,28.84210999947991,26.910844103809595,25.16113131688236,22.841753707255872,20.95209899881354,18.88253592552212,16.861767920243643,15.378088481070446,11.479250175747486,8.678794263857418,7.23791390918567,6.336858463080364,5.948933941922832,5.487038521979918,5.186898874080536,5.121157596560497,4.817199047174739,4.6144468701487416,4.207139386899185,3.491263337435172],[21.559913688019886,21.487378395645123,21.172753227633155,20.73420939189552,20.391847188912784,19.84645814003961,