{"n":50000,"random_seed":1234,"ntrials":25,"alphas":[0.0,0.08333333333333333,0.16666666666666666,0.25,0.3333333333333333,0.4166666666666667,0.5,0.5833333333333334,0.6666666666666666,0.75,0.8333333333333334,0.9166666666666666,1.0,1.0833333333333333,1.1666666666666667,1.25,1.3333333333333333,1.4166666666666667,1.5,1.5833333333333333,1.6666666666666667,1.75,1.8333333333333333,1.9166666666666667,2.0],"projected_trials":[[273062.0,273062.0,273062.0,273062.0,273062.0,273062.0,273062.0,273062.0,273062.0,273062.0,273062.0,273062.0,273062.0,273062.0,273062.0,273062.0,273062.0,273062.0,273062.0,273062.0,273062.0,273062.0,273062.0,273062.0,273062.0],[273187.0,273187.0,273187.0,273187.0,273187.0,273187.0,273187.0,273187.0,273187.0,273187.0,273187.0,273187.0,273187.0,273187.0,273187.0,273187.0,273187.0,273187.0,273187.0,273187.0,273187.0,273187.0,273187.0,273187.0,273187.0],[272352.0,272352.0,272352.0,272352.0,272352.0,272352.0,272352.0,272352.0,272352.0,272352.0,272352.0,272352.0,272352.0,272352.0,272352.0,272352.0,272352.0,272352.0,272352.0,272352.0,272352.0,272352.0,272352.0,272352.0,272352.0],[272026.0,272026.0,272026.0,272026.0,272026.0,272026.0,272026.0,272026.0,272026.0,272026.0,272026.0,272026.0,272026.0,272026.0,272026.0,272026.0,272026.0,272026.0,272026.0,272026.0,272026.0,272026.0,272026.0,272026.0,272026.0],[274674.0,274674.0,274674.0,274674.0,274674.0,274674.0,274674.0,274674.0,274674.0,274674.0,274674.0,274674.0,274674.0,274674.0,274674.0,274674.0,274674.0,274674.0,274674.0,274674.0,274674.0,274674.0,274674.0,274674.0,274674.0],[275458.0,275458.0,275458.0,275458.0,275458.0,275458.0,275458.0,275458.0,275458.0,275458.0,275458.0,275458.0,275458.0,275458.0,275458.0,275458.0,275458.0,275458.0,275458.0,275458.0,275458.0,275458.0,275458.0,275458.0,275458.0],[272657.0,272657.0,272657.0,272657.0,272657.0,272657.0,272657.0,272657.0,272657.0,272657.0,272657.0,272657.0,272657.0,272657.0,272657.0,272657.0,272657.0,272657.0,272657.0,272657.0,272657.0,272657.0,272657.0,272657.0,272657.0],[270465.0,270465.0,270465.0,270465.0,270465.0,270465.0,270465.0,270465.0,270465.0,270465.0,270465.0,270465.0,270465.0,270465.0,270465.0,270465.0,270465.0,270465.0,270465.0,270465.0,270465.0,270465.0,270465.0,270465.0,270465.0],[272831.0,272831.0,272831.0,272831.0,272831.0,272831.0,272831.0,272831.0,272831.0,272831.0,272831.0,272831.0,272831.0,272831.0,272831.0,272831.0,272831.0,272831.0,272831.0,272831.0,272831.0,272831.0,272831.0,272831.0,272831.0],[271045.0,271045.0,271045.0,271045.0,271045.0,271045.0,271045.0,271045.0,271045.0,271045.0,271045.0,271045.0,271045.0,271045.0,271045.0,271045.0,271045.0,271045.0,271045.0,271045.0,271045.0,271045.0,271045.0,271045.0,271045.0],[271978.0,271978.0,271978.0,271978.0,271978.0,271978.0,271978.0,271978.0,271978.0,271978.0,271978.0,271978.0,271978.0,271978.0,271978.0,271978.0,271978.0,271978.0,271978.0,271978.0,271978.0,271978.0,271978.0,271978.0,271978.0],[272272.0,272272.0,272272.0,272272.0,272272.0,272272.0,272272.0,272272.0,272272.0,272272.0,272272.0,272272.0,272272.0,272272.0,272272.0,272272.0,272272.0,272272.0,272272.0,272272.0,272272.0,272272.0,272272.0,272272.0,272272.0],[272399.0,272399.0,272399.0,272399.0,272399.0,272399.0,272399.0,272399.0,272399.0,272399.0,272399.0,272399.0,272399.0,272399.0,272399.0,272399.0,272399.0,272399.0,272399.0,272399.0,272399.0,272399.0,272399.0,272399.0,272399.0],[273958.0,273958.0,273958.0,273958.0,273958.0,273958.0,273958.0,273958.0,273958.0,273958.0,273958.0,273958.0,273958.0,273958.0,273958.0,273958.0,273958.0,273958.0,273958.0,273958.0,273958.0,273958.0,273958.0,273958.0,273958.0],[269902.0,269902.0,269902.0,269902.0,269902.0,269902.0,269902.0,269902.0,269902.0,269902.0,269902.0,269902.0,269902.0,269902.0,269902.0,269902.0,269902.0,269902.0,269902.0,269902.0,269902.0,269902.0,269902.0,269902.0,269902.0],[270416.0,270416.0,270416.0,270416.0,270416.0,270416.0,270416.0,270416.0,270416.0,270416.0,270416.0,270416.0,270416.0,270416.0,270416.0,270416.0,270416.0,270416.0,270416.0,270416.0,270416.0,270416.0,270416.0,270416.0,270416.0],[271185.0,271185.0,271185.0,271185.0,271185.0,271185.0,271185.0,271185.0,271185.0,271185.0,271185.0,271185.0,271185.0,271185.0,271185.0,271185.0,271185.0,271185.0,271185.0,271185.0,271185.0,271185.0,271185.0,271185.0,271185.0],[272348.0,272348.0,272348.0,272348.0,272348.0,272348.0,272348.0,272348.0,272348.0,272348.0,272348.0,272348.0,272348.0,272348.0,272348.0,272348.0,272348.0,272348.0,272348.0,272348.0,272348.0,272348.0,272348.0,272348.0,272348.0],[271247.0,271247.0,271247.0,271247.0,271247.0,271247.0,271247.0,271247.0,271247.0,271247.0,271247.0,271247.0,271247.0,271247.0,271247.0,271247.0,271247.0,271247.0,271247.0,271247.0,271247.0,271247.0,271247.0,271247.0,271247.0],[272309.0,272309.0,272309.0,272309.0,272309.0,272309.0,272309.0,272309.0,272309.0,272309.0,272309.0,272309.0,272309.0,272309.0,272309.0,272309.0,272309.0,272309.0,272309.0,272309.0,272309.0,272309.0,272309.0,272309.0,272309.0],[269456.0,269456.0,269456.0,269456.0,269456.0,269456.0,269456.0,269456.0,269456.0,269456.0,269456.0,269456.0,269456.0,269456.0,269456.0,269456.0,269456.0,269456.0,269456.0,269456.0,269456.0,269456.0,269456.0,269456.0,269456.0],[273044.0,273044.0,273044.0,273044.0,273044.0,273044.0,273044.0,273044.0,273044.0,273044.0,273044.0,273044.0,273044.0,273044.0,273044.0,273044.0,273044.0,273044.0,273044.0,273044.0,273044.0,273044.0,273044.0,273044.0,273044.0],[269551.0,269551.0,269551.0,269551.0,269551.0,269551.0,269551.0,269551.0,269551.0,269551.0,269551.0,269551.0,269551.0,269551.0,269551.0,269551.0,269551.0,269551.0,269551.0,269551.0,269551.0,269551.0,269551.0,269551.0,269551.0],[270753.0,270753.0,270753.0,270753.0,270753.0,270753.0,270753.0,270753.0,270753.0,270753.0,270753.0,270753.0,270753.0,270753.0,270753.0,270753.0,270753.0,270753.0,270753.0,270753.0,270753.0,270753.0,270753.0,270753.0,270753.0],[273206.0,273206.0,273206.0,273206.0,273206.0,273206.0,273206.0,273206.0,273206.0,273206.0,273206.0,273206.0,273206.0,273206.0,273206.0,273206.0,273206.0,273206.0,273206.0,273206.0,273206.0,273206.0,273206.0,273206.0,273206.0]],"d":2}