{"degreedist_mu":1.0986122886681098,"d":2,"random_seed":1234,"ntrials":25,"seeds":[10696568128152964686,7587037332843003683,17932745517874637713,275019727195747214,9598855396698165728,11797829148674285156,15488290936242275580,17840635140920887873,14568581941218896617,12839684623546651134,10453849234494628229,9894253716531849651,13122815419310819614,1917160159004852471,14881064365421339149,16058616390720368211,17758948425911489576,2788781442884050850,13195964543989435415,17331594895560176046,9709327145187660729,1438261696223661497,17823182965999818082,12295822181087146456,2416996747396037157],"alphas":[0.0,0.08333333333333333,0.16666666666666666,0.25,0.3333333333333333,0.4166666666666667,0.5,0.5833333333333334,0.6666666666666666,0.75,0.8333333333333334,0.9166666666666666,1.0,1.0833333333333333,1.1666666666666667,1.25,1.3333333333333333,1.4166666666666667,1.5,1.5833333333333333,1.6666666666666667,1.75,1.8333333333333333,1.9166666666666667,2.0],"projected_trials":[[23.160176407820487,36.121533984080024,170.40574146010886,259.71019762950283,278.3891494374015,292.578497593585,294.61676379949404,296.62522169466297,299.1173475525135,305.23753547501855,309.130380452025,312.183290996944,315.7162923222186,317.67893742447654,319.85802753338965,321.8197773883815,323.9564522072234,324.8983808249601,326.1740793183967,326.6040907397479,327.31420619834785,327.6148815788249,327.8950818900933,328.0858682015805,328.91742741981443],[26.789549309011583,34.22618983565295,61.47066882032808,298.6901199943111,372.0504015848238,391.6867442866881,401.16752100494284,411.2826330941976,417.61441101656544,420.2384831042155,424.696279867086,426.83168837901354,430.9178365517169,432.89290838573066,435.07340126589395,437.7155671091882,439.7147516418787,441.3870169560916,442.95171121443616,443.31606659446476,443.9269518192203,444.1098144871977,444.4074963668755,444.7928672328421,445.63327601173415],[22.99028735544802,32.58853192371061,49.14933257017158,69.59788519177832,108.49722745967873,194.45995295943797,204.28960314361493,211.93259619551637,218.12908923976067,219.91266123880837,221.0179428943342,221.93696498462464,223.04093684885189,227.7165037521373,230.57469857455203,232.85935050977096,233.91350866207085,234.49163334294033,235.97291964678857,236.30066956867586,236.97579991234514,237.66811972941625,237.83933451640266,238.2870382739177,239.15325470100464],[22.19452345710281,27.377812605960887,38.95154284989075,89.16789556864498,107.92799012282788,200.0514057826108,208.139358804481,211.41361505842505,216.14414919170645,220.34340293261937,222.18320250984294,225.24149092283488,232.80802865270326,237.83968827067682,240.81654875088526,243.53364086308332,245.2890040111502,246.51332280277748,247.08750118527803,247.799900600289,248.29604275440846,248.97904491716346,249.14830620163997,249.41739119604222,250.30673041852395],[21.889792061097104,36.028322467603004,46.05714578056272,89.84436135160078,113.51044643268857,151.47019622947465,166.46565363734996,179.05445139107493,197.58559423509257,200.58238930242382,203.93403735288405,212.2717749183415,214.02689663738303,218.30924116462555,220.5968556131978,222.26153889552182,223.1024524554391,223.87682550932462,224.50189475362285,225.35360686706647,225.68068091117615,225.83387165846474,225.9013552002089,226.14121376697048,226.7514445710658],[24.373666141536855,36.08725844985139,80.27113699186809,113.84618918561188,182.65324683024298,243.43095397736394,288.89564524186534,294.1229449890536,297.79908500416536,301.5374690335462,306.16514597094516,310.66541698634006,313.34545409478034,317.14413801267256,319.7684112072382,322.1994109021429,323.2794969590228,324.51435656916294,325.0003455678255,325.65506634404835,325.9554351169213,326.4987481168504,326.85913504138506,327.05659278670794,327.92997900391725],[21.813219535994747,30.145318376034307,49.113607229834855,83.73543702718075,153.16990715343906,192.14527299614988,220.271521009999,224.72218813895407,227.4398465566522,231.0119960827951,234.6996173536437,238.65752451754975,241.18390270455905,244.11455836518627,250.31966390635722,252.91336747099052,253.8347923606159,254.38733505795173,255.02933081622965,255.2901379505185,255.63378416326674,256.19507519034704,256.53499989630404,256.85241796700143,257.723834213415],[22.441577941234822,29.846145430246967,51.29441934795544,73.4466659633708,105.82427666266312,201.23943718702952,228.05194482395737,232.27093223015552,234.6147015983144,243.5928651499113,245.66692724606347,247.82419328197625,252.12540173018792,254.87749479146217,258.07747919332763,260.35115881118696,261.5860940634494,263.0948379686067,263.72054944812294,265.1625363882781,265.68862155241334,266.0424276851463,266.23093016869956,266.56983274763684,267.2941924912866],[23.61942831137541,34.15065466840878,63.30980304744519,88.96656719117945,168.26012428956648,192.0999703870145,209.3456173691974,215.3133195620156,227.11131102321292,238.6750536907748,243.78657444838316,250.44190145323282,255.06449777461597,262.99997104004996,264.05106606911517,267.84941835703063,269.2464703012368,270.89101750420474,272.1010565028278,272.8214252249579,273.3892826247216,273.5779698738032,273.81900558019237,273.99496379513374,274.8237068887602],[23.149383003515965,30.48050494246932,47.40339715921853,106.20442182107377,132.26907097569912,159.84476520123562,174.61867530055457,180.78134816245756,192.34281245150544,195.66833365454184,227.0248868795899,227.89360331715423,229.84650721350977,236.34879198945768,244.56972303917078,246.23156665344143,248.20857485398182,249.4794093597473,250.82896293358252,252.78839675203687,253.51684279425456,253.8369184810879,254.37496166651357,254.38880440081974,255.3953631937365],[20.87375226262958,32.25637299788743,44.96970517843179,76.53677447757784,159.1420226956033,165.2867374439474,175.31278612880467,184.03302446777565,188.29435053665054,191.9577202155983,196.39297885946456,201.42342690161053,203.72873831679004,208.50076007169696,210.413502258045,210.92108002753002,212.16687179802807,212.7727786734585,214.06232877001037,214.51202222897078,215.2645455139378,215.40737456321915,215.52364409747042,215.70543658305178,216.5888419031955],[21.729280424254018,29.011826701917126,35.266891522645224,60.062929413342104,91.49371260592048,126.16123275945908,148.83230753886463,159.32822897440795,172.3321934955952,179.39144162689433,184.2117806571344,197.66323781495913,199.5681640231207,209.93333213448338,212.0865960470215,216.33958591694375,217.2698451545858,218.45191450937313,219.18038198324626,219.53089079471437,219.8702020443853,220.64115285442944,220.9224441501691,221.20708073597888,221.54562407871597],[23.048579680029427,29.28930653802933,45.440456008914644,115.95220773308537,150.545051940404,236.2074292520632,253.38191799940088,261.0141020998835,264.282867905898,266.4672969495064,271.6563877348233,275.0239983236181,276.3768258895706,283.26542104578317,285.7782098523193,288.38051866374167,289.6778681544072,290.6289821423357,291.35581625885385,291.97645023871695,292.6757873116197,292.7725361904143,292.9167795225941,293.1828225494809,294.0989092757243],[23.03168059433352,32.09107579551411,46.325683714784354,102.32110070238431,169.5127411074456,214.57167358492933,226.50881650608116,245.68643119979285,253.32829259114618,258.624208242102,266.9451920161579,270.36945923121755,272.78670236045417,277.5970130114392,281.4598451324744,282.3289516923141,282.84501212567756,284.9754519623219,285.44078918297464,286.4676871357527,286.9344648186643,287.08803422090466,287.4394137108804,287.7396654057004,288.76269516707566],[33.646908110546576,357.84266756978525,703.1400025382094,708.5204790519578,710.8719515763459,714.4949621183422,720.8202649056931,725.8024631584907,732.3237535072337,741.386661969774,743.7193598740066,746.2436465958668,750.1537314976424,755.323700555847,759.1085319241822,761.9190535970446,763.6466175817945,764.8834591272333,765.5649323842458,766.4392921621478,766.852809067,767.2730240483584,767.6244142291455,767.7959977297375,768.526190198885],[21.373574221234627,34.54472997956695,43.943448003977224,