{"degreedist_mu":1.0986122886681098,"d":2,"random_seed":1234,"ntrials":25,"seeds":[10696568128152964686,7587037332843003683,17932745517874637713,275019727195747214,9598855396698165728,11797829148674285156,15488290936242275580,17840635140920887873,14568581941218896617,12839684623546651134,10453849234494628229,9894253716531849651,13122815419310819614,1917160159004852471,14881064365421339149,16058616390720368211,17758948425911489576,2788781442884050850,13195964543989435415,17331594895560176046,9709327145187660729,1438261696223661497,17823182965999818082,12295822181087146456,2416996747396037157],"alphas":[0.0,0.08333333333333333,0.16666666666666666,0.25,0.3333333333333333,0.4166666666666667,0.5,0.5833333333333334,0.6666666666666666,0.75,0.8333333333333334,0.9166666666666666,1.0,1.0833333333333333,1.1666666666666667,1.25,1.3333333333333333,1.4166666666666667,1.5,1.5833333333333333,1.6666666666666667,1.75,1.8333333333333333,1.9166666666666667,2.0],"projected_trials":[[23.160176407820487,21.532119483822694,23.95149270105216,26.775156141016712,27.437012270373593,29.271050360127656,30.16297016575481,31.054715187734296,31.816540684108432,32.1594476128383,32.8838219468228,33.06403028106891,33.54882280909463,34.29812156842812,35.068497707323246,35.45103896463983,35.70977909464735,35.81459902028598,35.854492925321566,35.88728520187097,35.89199884979191,36.041123611640586,36.06876959813968,36.090378666244014,36.24671332322204],[26.789549309011583,22.299752246874103,23.242297878921523,29.38263702682205,31.62678645382839,32.26031951103938,33.83126745033691,35.63702690095277,36.72534746082566,37.30000011715655,38.04257129164672,38.41888173453816,39.248551458138486,39.52419669903304,39.72836098781212,40.053031293703754,40.301243745362264,40.51384092553751,40.719912149895116,40.80325134316032,40.90311029702714,40.9414502673211,40.988784336738405,41.036006979775244,41.14593622593311],[22.99028735544802,22.54583031747221,23.7925998971717,25.759442065584558,28.348832760731256,29.084528665035986,31.06616455934859,32.86041270065466,34.920359333944575,36.34491727309453,37.034457454339375,38.04853228451552,39.082908033635064,39.345900658488176,40.32016393089749,40.802182286029776,40.93466172104636,40.98500190437709,41.12437664044284,41.083910671710164,41.11976359554355,41.1598052179329,41.176648855343316,41.2082032312353,41.27645907873055],[22.19452345710281,21.632537962327028,21.55127885647189,22.48537835631285,25.010790977158376,26.949737857047825,29.23572676784172,29.803625602950476,30.538194267671475,31.068197157347907,31.47849219487499,32.1986847613662,34.16435687369843,35.467958940082816,35.726364677534534,36.087525492295825,36.31891397505868,36.537314212503695,36.5956996060916,36.680256766671114,36.7626456386555,36.88108853479444,36.88220022712528,36.9110356904906,37.03862975552826],[21.889792061097104,21.094922526836662,22.81979618783468,25.014734394338337,27.723602015846414,29.62427655204724,31.57059323538052,33.200504422305045,34.28788129710534,34.68021088589121,35.11995216009453,35.70814539433154,35.79412388946366,36.071038922793534,36.64960767768625,36.98694383089578,37.09524446562977,37.165723598015376,37.257640172602564,37.370019194583406,37.41398027282028,37.435535339387556,37.446250953235285,37.476513236780725,37.55752844033039],[24.373666141536855,21.00467844389094,23.386960449788116,24.65941894966318,27.123915949346948,30.44313578255352,32.53971082176233,33.12567628733099,33.6683305385835,34.22442240533957,34.799786737260824,35.162743060820326,35.5808026200842,36.102350266297655,36.504411607994214,36.836036823222955,36.994250588601844,37.18648905025897,37.2457750159931,37.33724386807848,37.380010893231244,37.45902852940034,37.51894174658435,37.54494825257075,37.69225780247617],[21.813219535994747,20.445944858401752,20.952047375406092,24.65941475455953,25.877649567660743,27.272496199511068,28.086230329189164,28.828809793873354,30.797802535696842,32.23425232368151,33.44606399914598,34.45141377844985,34.61701664107607,35.22202858753549,35.57826655861305,35.72137830527492,35.81108954943413,35.900881074832284,35.946662916523486,36.03352961754432,36.115634307202264,36.15170430487958,36.18523825551097,36.24029163619482,36.32065549601668],[22.441577941234822,21.00993027923791,21.228176619702506,23.345572403469383,25.03021362643094,28.965979569609498,29.859981105348353,32.05023899231295,33.905153338495566,34.45025993679909,35.30752147481826,35.898634914038354,36.42228657698487,37.02689341748695,37.36767632281735,37.52452287557182,37.64371903511905,37.731431035460275,37.87140115273542,38.01170404203477,38.049720907792526,38.0731472071135,38.16646888115228,38.190980335202546,38.280435851920444],[23.61942831137541,21.25245860309369,22.32469481862058,23.90769287182671,28.446843153421337,29.609675473177585,31.00717415834079,31.54358511292798,32.482845621140086,34.09564827116602,34.81906758526258,35.57750897654361,36.31943042035103,37.2724156981484,37.39955103779292,37.846010447289885,38.103896298974135,38.366658831956045,38.52759438971683,38.60975929079851,38.69166951721233,38.714636288336656,38.73688631255114,38.768028989695104,38.88598931949359],[23.149383003515965,22.564996279228755,24.428698812814506,27.905845711875298,29.31367038703819,30.569808296488574,32.0246218814837,33.71310886558594,34.31052193302615,37.36104062431079,37.613761860964985,37.75464384945592,38.15127650429199,39.243322337231476,39.97800140758004,40.1300123345555,40.58055648683475,40.85775205029386,40.89221830733462,40.96350461497177,41.1291577083694,41.137797415559916,41.213286606345854,41.2194133117111,41.29904827096233],[20.87375226262958,20.54011740389562,21.457190078435897,23.11419940262728,24.68227996691365,26.903517075987985,28.892396634076313,29.37249867798047,31.044133318767205,31.869555439784396,32.153128226266574,32.6398398574528,32.869725097649706,33.60990889728605,34.98960648343525,35.421064691482385,35.611471018261504,36.061339017074545,36.26653701348688,36.30199537932499,36.40519302996015,36.416766203451765,36.43597383825508,36.44023527031225,36.62991062056592],[21.729280424254018,20.833936168756324,21.879937405447794,23.054624124399123,25.481759758383838,27.420307960692586,29.117991326352463,30.24037883750023,31.532617386963302,31.949973094313787,32.477031884385426,33.74905773328505,33.91184408659308,34.90984196778213,35.22283332197801,35.81728586748383,35.97230476669124,36.15838708387861,36.26870338737153,36.327695986612014,36.37843365926536,36.501840659649936,36.54877784678256,36.59127472177578,36.63538280911201],[23.048579680029427,20.825874017828028,21.581722915684452,24.109719188591047,25.26624480060002,30.485655473263556,31.75737125702008,32.26928582814395,33.35838349429284,34.23065632282842,34.87166051297522,35.85328299508171,35.96477105517555,36.68450046732589,37.39609044604485,37.565685709643915,37.68057375082572,37.7671182055836,37.824911921119956,37.89682919075956,37.992126626452595,38.028507253241,38.07915445089817,38.09390123252285,38.186060067581366],[23.03168059433352,21.642184631900342,21.411074881580607,23.33856929950538,26.56460564576366,28.597766232951003,30.05127215787241,31.43349539089543,32.183829979936014,32.66589973897499,33.535988427018395,34.1267541538102,34.54574174191883,35.27307533741993,35.98087539780072,36.099355516019855,36.187205072557504,36.55886152443014,36.63082933192652,36.78847240203312,36.86549501265521,36.8941741416438,36.94541676668504,36.99386822231174,37.15262545736418],[33.646908110546576,30.61930238951019,38.44186904427815,38.84333522935641,39.194343608363674,39.764017051678216,40.65549075651346,41.36003065717029,42.32961253506846,43.44747063205038,43.798823589363394,44.177167251534414,44.707878526259705,45.382076582093845,45.88137548718264,46.288877944570494,46.540528775765054,46.73543894634238,46.844679307101856,46.961191350863885,47.03250557338256,47.105378681705474,47.16509445104062,47.19376343353861,47.30642671967426],[21.373574221234627,22.02626878782673,22.40047087553718,24.531642893591027,26.735655281645563,27.777505902145343,