{"degreedist_mu":1.0986122886681098,"d":2,"random_seed":1234,"ntrials":25,"seeds":[10696568128152964686,7587037332843003683,17932745517874637713,275019727195747214,9598855396698165728,11797829148674285156,15488290936242275580,17840635140920887873,14568581941218896617,12839684623546651134,10453849234494628229,9894253716531849651,13122815419310819614,1917160159004852471,14881064365421339149,16058616390720368211,17758948425911489576,2788781442884050850,13195964543989435415,17331594895560176046,9709327145187660729,1438261696223661497,17823182965999818082,12295822181087146456,2416996747396037157],"alphas":[0.0,0.08333333333333333,0.16666666666666666,0.25,0.3333333333333333,0.4166666666666667,0.5,0.5833333333333334,0.6666666666666666,0.75,0.8333333333333334,0.9166666666666666,1.0,1.0833333333333333,1.1666666666666667,1.25,1.3333333333333333,1.4166666666666667,1.5,1.5833333333333333,1.6666666666666667,1.75,1.8333333333333333,1.9166666666666667,2.0],"projected_trials":[[23.160176407820487,18.758175327812655,16.41401581441029,15.258896081435477,14.595257631439905,13.709373373198755,12.827350782944535,12.327100755889068,11.769239290153815,11.61783270992048,11.288253363119722,10.929717807021014,10.796107106505863,10.185888744857122,9.865109781760918,9.739647532851878,9.600397511441603,9.459675779005783,9.426200464725776,9.287294161022729,9.229396434719828,9.172657915927172,9.15959253430023,9.122663844577126,8.849127597489156],[26.789549309011583,18.938484997482256,16.218725796239525,15.223435422797555,14.526732765037,13.590619966075709,13.077163795490275,12.532572984476536,11.966807732207664,11.719838285249766,11.526281975832708,11.418786775834695,11.181475897174899,10.755241740593263,10.244424300362496,9.831569359128832,9.605879988893616,9.431394958112273,9.30758573547383,9.28949106596968,9.194367297356173,9.190068013876393,9.134600763604677,9.065206812533265,8.93661819975812],[22.99028735544802,20.319354788003924,18.25662440484735,16.980054102692165,15.883713167650003,14.948579942831167,14.098963774238188,13.412532536830225,12.942095866273927,12.503946165927934,12.131876960658222,11.727182996734822,11.382530206856515,11.240308723086587,10.87226205913616,10.650222411700216,10.485986457111636,10.361568918873717,10.299789366961086,10.209060061423948,10.1752239733651,10.124049945445625,10.1146994553033,10.095001495783144,9.890698512615675],[22.19452345710281,19.526580785945544,17.767772421490726,15.796637178604337,14.43811007197132,13.457936181101115,12.77681207052524,12.454811378399345,12.058053777035331,11.66435346502222,11.116647717837306,10.784469479708795,10.601627514566772,10.221504932759096,10.042598393483406,9.848108021941758,9.671751243757528,9.466603119810474,9.399890899313238,9.235644639534057,9.177231472036741,9.11206817940913,9.095016405050131,9.00822920352458,8.831267284458491],[21.889792061097104,19.000303261841758,16.214082854806346,15.280377168217958,14.593040020769054,14.267659787210826,13.93046856890203,13.713238376812226,13.45249354242493,12.43174919200527,11.76573423123159,11.553362206229929,11.06340602937404,10.602875890060178,10.297064350416585,10.014959064170153,9.887168237424145,9.79832773065331,9.743873793361685,9.589901236112095,9.574424960437009,9.488415334001857,9.473026705465825,9.471160449280866,9.310475488791019],[24.373666141536855,19.096730867292177,16.945850408684123,15.348317324143986,14.60239016366629,13.47264528298462,12.801489292933061,12.315626162511375,11.849087492468197,11.493195401277893,11.109989101980814,10.885247211023076,10.730125720260872,10.418496858834802,10.271583341797957,10.068056053478815,9.812249700508382,9.727822162783635,9.667861277618758,9.514517381847359,9.426236868012813,9.346266208102636,9.312234274494603,9.251005023727782,9.060852286155065],[21.813219535994747,18.270683641387528,16.886569715424002,15.612596018225254,14.639101234458542,14.207955013002898,13.367150147919354,12.52958653050785,11.904813366360623,11.633617539481222,11.24310720262539,10.874227993337433,10.737751166401347,10.430240518407466,10.245118202076348,9.935844875843458,9.852053681386767,9.709056740322866,9.605763161960795,9.375833345004459,9.320130598207394,9.14835824650944,9.021786225773617,8.897286932367917,8.636650611624386],[22.441577941234822,18.157270446613857,16.2843390821104,14.974997498859608,14.590829147313167,13.855896317622154,13.17505237876756,12.76418454967633,12.305148839292983,11.999216996496056,11.806891905908117,11.436795587846744,10.928982076836503,10.574490537025927,10.279343492911416,9.999962789806476,9.747325319080343,9.639848681752289,9.504693499592184,9.484048927387395,9.441213790821502,9.39772907491113,9.320878670905072,9.315086360590099,9.056581782751604],[23.61942831137541,18.78557097426302,16.407568766300976,14.81388350721351,14.237972888925114,13.844579628942027,13.303729919860936,12.52093559847044,12.26672206568897,11.813433747487789,11.325832272587146,11.149179003688507,10.941254812656256,10.628612512772646,10.319225805434261,10.129160712710085,10.02815774872266,10.004828281329207,9.97737929558619,9.945509955013438,9.890216901945896,9.809857398706669,9.791265483630054,9.668060060917162,9.407739453796035],[23.149383003515965,19.978472498810444,18.516678697334065,16.722600693446854,15.925330745125608,14.948355905048954,14.38227499114601,13.609391860395794,12.87417875204133,12.236277399546497,11.848831054217026,11.555365928307376,11.24824022563646,10.861240017334081,10.642524723568524,10.531862402467754,10.376521416804515,10.333676411779805,10.232865988142517,10.207997809957881,10.164944336538172,10.111859039602296,10.0465222507632,10.029362321832544,9.894131080090334],[20.87375226262958,18.447814202740815,17.111055005878114,16.064278841933568,14.938793368266445,14.14108375696642,13.247912030040265,12.793298836040535,12.05168984083783,11.588337778428711,11.363586241947663,11.112494427701904,10.865760462220639,10.505810693766774,10.339575624107239,10.008567216218893,9.903706439316553,9.83267884631931,9.776961715561095,9.71953657845787,9.68061108156501,9.657597664228367,9.641935434739722,9.635749702819815,9.413242148657924],[21.729280424254018,18.632854623047184,17.372576043749877,15.653665652733423,14.584233908133076,13.696983684260521,13.088693279366902,12.404957916179184,12.129156113031605,11.794070006833453,11.503792094974868,11.290789057585998,11.054540578682527,10.685368870991798,10.393560679922192,10.118761045905131,9.969487429046353,9.855014465784706,9.793941244823749,9.704554060103359,9.596931655315352,9.539938201442329,9.508697767396136,9.465265043728024,9.219234052579434],[23.048579680029427,18.48705875168424,17.150853165543257,16.016711901285465,15.111474423021267,14.259571916986879,13.948577101568986,13.06274321959464,12.38367890124926,11.804862471206981,11.171001850321653,10.774012472989572,10.528018936727257,10.329342125329319,10.143235907893375,9.910218264745776,9.764505789700413,9.678387266722282,9.66326685180268,9.568302667288599,9.499188991212888,9.387759670928574,9.377466437882818,9.37657712147784,9.20130744190034],[23.03168059433352,19.126036152975065,16.766605053376285,15.853961676205323,15.205825298262152,14.634742849418535,14.041049924424321,13.64093605497406,12.91322997828543,12.205365662973058,11.796981047308567,11.628520054498303,10.91006106471943,10.506972650702012,10.253972243128803,10.085677098441343,9.821033290228236,9.740020804180807,9.725513615968977,9.647956457428963,9.591074702517014,9.579589680638053,9.500370541668218,9.408584482480391,9.28101376812287],[33.646908110546576,19.000183316324286,17.397256975423087,15.65231200551095,14.683509767412621,13.835521413879354,13.3040319078411,12.753614883916908,12.313887881680447,11.783397687292965,11.567528510178908,11.151406480107891,10.900604458222604,10.429798412961867,9.938090560597047,9.822154258959735,9.63887813117806,9.559724684263164,9.419533711046865,9.401770271437071,9.312528190806887,9.247316977040239,9.117495934770862,9.109831619386174,8.936364573027603],[21.373574221234627,18.125809992835034,16.78893160933105,